#node1	node2	node1_string_id	node2_string_id	neighborhood_on_chromosome	gene_fusion	phylogenetic_cooccurrence	homology	coexpression	experimentally_determined_interaction	database_annotated	automated_textmining	combined_score
ATM	USP28	9606.ENSP00000278616	9606.ENSP00000003302	0	0	0	0	0.135	0.292	0	0.388	0.593
ATM	H4C6	9606.ENSP00000278616	9606.ENSP00000244537	0	0	0	0	0.042	0.129	0.500	0.518	0.772
ATM	TOPBP1	9606.ENSP00000278616	9606.ENSP00000260810	0	0	0	0	0.096	0.534	0.500	0.810	0.954
ATM	TP53	9606.ENSP00000278616	9606.ENSP00000269305	0	0	0	0	0.103	0.928	0.900	0.975	0.999
ATM	H2AC18	9606.ENSP00000278616	9606.ENSP00000358155	0	0	0	0	0	0.066	0	0.795	0.801
ATM	PAXIP1	9606.ENSP00000278616	9606.ENSP00000384048	0	0	0	0	0.067	0.309	0.500	0.899	0.963
ATM	H2AX	9606.ENSP00000278616	9606.ENSP00000434024	0	0	0	0	0	0.876	0.500	0.984	0.998
ATM	BRCA1	9606.ENSP00000278616	9606.ENSP00000418960	0	0	0	0	0.042	0.847	0.900	0.999	0.999
ATM	MDC1	9606.ENSP00000278616	9606.ENSP00000365588	0	0	0	0	0.073	0.876	0.500	0.996	0.999
ATM	TP53BP1	9606.ENSP00000278616	9606.ENSP00000371475	0	0	0	0	0.042	0.874	0.500	0.995	0.999
BRCA1	USP28	9606.ENSP00000418960	9606.ENSP00000003302	0	0	0	0	0.049	0.188	0	0.310	0.420
BRCA1	H4C6	9606.ENSP00000418960	9606.ENSP00000244537	0	0	0	0	0.050	0.547	0.500	0.457	0.867
BRCA1	TOPBP1	9606.ENSP00000418960	9606.ENSP00000260810	0	0	0	0	0.280	0.994	0.540	0.900	0.999
BRCA1	TP53	9606.ENSP00000418960	9606.ENSP00000269305	0	0	0	0	0.067	0.895	0.500	0.999	0.999
BRCA1	H2AC18	9606.ENSP00000418960	9606.ENSP00000358155	0	0	0	0	0	0.086	0.500	0.769	0.885
BRCA1	MDC1	9606.ENSP00000418960	9606.ENSP00000365588	0	0	0	0	0.104	0.833	0.500	0.996	0.999
BRCA1	TP53BP1	9606.ENSP00000418960	9606.ENSP00000371475	0	0	0	0	0.050	0.826	0.500	0.999	0.999
BRCA1	PAXIP1	9606.ENSP00000418960	9606.ENSP00000384048	0	0	0	0	0.149	0.045	0.500	0.644	0.836
BRCA1	H2AX	9606.ENSP00000418960	9606.ENSP00000434024	0	0	0	0	0.084	0.900	0.500	0.983	0.999
H2AC18	H4C6	9606.ENSP00000358155	9606.ENSP00000244537	0	0.019	0	0	0.729	0.937	0.400	0.999	0.999
H2AC18	TOPBP1	9606.ENSP00000358155	9606.ENSP00000260810	0	0	0	0	0.042	0.053	0	0.448	0.456
H2AC18	TP53	9606.ENSP00000358155	9606.ENSP00000269305	0	0	0	0	0	0	0	0.583	0.583
H2AC18	H2AX	9606.ENSP00000358155	9606.ENSP00000434024	0	0	0.050	0.981	0.056	0	0.400	0.055	0.423
H2AC18	MDC1	9606.ENSP00000358155	9606.ENSP00000365588	0	0	0	0	0.042	0.177	0	0.719	0.759
H2AC18	PAXIP1	9606.ENSP00000358155	9606.ENSP00000384048	0	0	0	0	0.047	0.177	0.500	0.647	0.843
H2AC18	TP53BP1	9606.ENSP00000358155	9606.ENSP00000371475	0	0	0	0	0.044	0.925	0	0.991	0.999
H2AX	H4C6	9606.ENSP00000434024	9606.ENSP00000244537	0	0.026	0	0	0.204	0.984	0.800	0.596	0.998
H2AX	TOPBP1	9606.ENSP00000434024	9606.ENSP00000260810	0	0	0	0	0.074	0.053	0	0.564	0.584
H2AX	TP53	9606.ENSP00000434024	9606.ENSP00000269305	0	0	0	0	0.047	0.292	0	0.854	0.892
H2AX	MDC1	9606.ENSP00000434024	9606.ENSP00000365588	0	0	0	0	0.083	0.933	0.500	0.998	0.999
H2AX	TP53BP1	9606.ENSP00000434024	9606.ENSP00000371475	0	0	0	0	0.044	0.990	0.500	0.997	0.999
H2AX	PAXIP1	9606.ENSP00000434024	9606.ENSP00000384048	0	0	0	0	0.056	0.560	0.500	0.612	0.908
H4C6	TOPBP1	9606.ENSP00000244537	9606.ENSP00000260810	0	0	0	0	0.042	0.292	0	0.202	0.411
H4C6	PAXIP1	9606.ENSP00000244537	9606.ENSP00000384048	0	0	0	0	0.049	0.292	0.500	0.350	0.752
H4C6	MDC1	9606.ENSP00000244537	9606.ENSP00000365588	0	0	0	0	0.044	0.510	0.500	0.675	0.913
H4C6	TP53	9606.ENSP00000244537	9606.ENSP00000269305	0	0	0	0	0	0.821	0	0.719	0.947
H4C6	TP53BP1	9606.ENSP00000244537	9606.ENSP00000371475	0	0	0	0	0.049	0.987	0.500	0.978	0.999
MDC1	USP28	9606.ENSP00000365588	9606.ENSP00000003302	0	0	0	0	0.058	0.292	0	0.346	0.526
MDC1	TOPBP1	9606.ENSP00000365588	9606.ENSP00000260810	0	0	0	0	0.169	0.891	0	0.950	0.995
MDC1	TP53	9606.ENSP00000365588	9606.ENSP00000269305	0	0	0	0	0	0.292	0	0.801	0.853
MDC1	PAXIP1	9606.ENSP00000365588	9606.ENSP00000384048	0	0	0	0.559	0.085	0	0.500	0.275	0.639
MDC1	TP53BP1	9606.ENSP00000365588	9606.ENSP00000371475	0	0	0	0	0.060	0.892	0.500	0.999	0.999
PAXIP1	TOPBP1	9606.ENSP00000384048	9606.ENSP00000260810	0	0	0	0.550	0.233	0.524	0	0.458	0.785
PAXIP1	TP53	9606.ENSP00000384048	9606.ENSP00000269305	0	0	0	0	0	0.397	0	0.314	0.568
PAXIP1	TP53BP1	9606.ENSP00000384048	9606.ENSP00000371475	0	0	0	0	0.067	0.908	0.500	0.994	0.999
TOPBP1	TP53	9606.ENSP00000260810	9606.ENSP00000269305	0	0	0	0	0	0.619	0.400	0.796	0.949
TOPBP1	TP53BP1	9606.ENSP00000260810	9606.ENSP00000371475	0	0	0	0	0.054	0.997	0	0.868	0.999
TP53	USP28	9606.ENSP00000269305	9606.ENSP00000003302	0	0	0	0	0	0.521	0	0.612	0.806
TP53	TP53BP1	9606.ENSP00000269305	9606.ENSP00000371475	0	0	0	0	0	0.993	0	0.997	0.999
TP53BP1	USP28	9606.ENSP00000371475	9606.ENSP00000003302	0	0	0	0	0.122	0.786	0	0.993	0.998
